Word,SER,ARC,Iconicity
one,1.545454545,0.70176667,1.846153846
him,2.545454545,0.688550234,0.583333333
she,1.6,0.68706888,0.714285714
me,2.333333333,0.664342105,0.6
he,1.4,0.693788111,1.058823529
mine,2.083333333,0.641133487,1.5
near,2.1,0.674331486,0.538461538
spite,2.909090909,0.625163555,2.857142857
few,1.545454545,0.697463274,2.5
none,1.727272727,0.660545886,0.833333333
his,1.8,0.696755826,0.588235294
same,1.583333333,0.70001626,0
they,1.916666667,0.700460017,0.454545455
each,1.1,0.692789435,0.666666667
we,1.5,0.684430242,1.428571429
much,1.636363636,0.698896766,0.416666667
own,2.272727273,0.699641705,0.428571429
not,1.1,0.700946987,1.384615385
some,1.2,0.700745821,0.5
on,1.181818182,0.702340901,0.916666667
but,1.272727273,0.701041818,0
this,1.3,0.702379644,0.133333333
my,1.727272727,0.672549844,1.5
in,2,0.703561425,1.461538462
those,1,0.695567131,0.272727273
it,1.416666667,0.701109827,1
with,1.181818182,0.703421354,1.166666667
by,1.5,0.702064574,0.272727273
which,1.181818182,0.701840162,0.090909091
who,1.090909091,0.69318229,1.375
of,1.090909091,0.703545511,0.230769231
what,1.181818182,0.694182873,0.142857143
if,1.090909091,0.687984526,0.636363636
the,1,0.70464325,0.428571429
and,1,0.705234766,0.5625
every,1.6,0.689133942,0.25
because,1.363636364,0.69641763,0.214285714
above,2.909090909,0.681767881,1.0625
many,2.636363636,0.699320912,0.076923077
behind,2.909090909,0.689270914,1.545454545
yourself,4,0.570176721,0.333333333
after,1.6,0.697068393,0.75
sled,3,0.445304096,0.6
white,2.909090909,0.687672079,0.5
black,3.909090909,0.690200508,1.19047619
bald,2.75,0.558235884,1.363636364
red,4.1,0.684817672,1.833333333
gray,2.636363636,0.646869779,1.2
roast,4.4,0.45809865,0.714285714
home,4,0.692808449,2
round,2.909090909,0.65577817,2.785714286
beige,2.727272727,0.401548028,0.307692308
dead,3.8,0.673035383,1.307692308
back,2.5,0.693613648,0.4
thin,3.7,0.620360076,1.285714286
slim,2.090909091,0.574687183,1.818181818
ripe,3.8,0.484177023,0.714285714
dark,3.727272727,0.663153648,1.181818182
sharp,4.818181818,0.645381331,1.333333333
faint,3.3,0.515494049,0.384615385
short,3.454545455,0.693348646,2.428571429
big,2.2,0.686997592,1.090909091
clean,3.090909091,0.644040465,0.923076923
bright,5.090909091,0.634286046,1.5
cute,3.727272727,0.505858958,2.083333333
hot,3.818181818,0.655812204,2
blunt,4.363636364,0.555731714,3.166666667
deep,3.1,0.672070503,1.142857143
old,2.6,0.692802429,1.266666667
young,2.545454545,0.690129876,0.333333333
small,1.8,0.690628409,1.923076923
steep,2.916666667,0.583758056,1.5
huge,2.75,0.670431077,2.538461538
damp,2.5,0.534397423,1.076923077
cold,3.909090909,0.661951721,1.5
sore,4,0.43073386,0.923076923
large,1.8,0.690504551,1.538461538
soft,4.6,0.636464238,2.333333333
moist,3.818181818,0.564097822,1.916666667
sick,3.818181818,0.604012847,2
safe,2,0.655602634,0.5625
straight,2.454545455,0.653332412,0.357142857
first,1.916666667,0.699988902,1.3
smooth,4.181818182,0.615545869,3.25
crisp,3.333333333,0.502856731,3.7
strong,2.7,0.690561652,1.4
sweet,4.454545455,0.62605238,1.25
stray,2.5,0.513054729,0.7
down,2.454545455,0.693173826,1.909090909
swell,3.454545455,0.457566828,0.384615385
sad,2.818181818,0.586336076,1.769230769
tough,3.272727273,0.611822188,1.846153846
dry,3.8,0.63334024,1.363636364
mad,2.545454545,0.620734334,0.733333333
up,2.909090909,0.700112462,1.333333333
mass,1.454545455,0.67329812,0.384615385
thick,2.166666667,0.608416796,0.615384615
stiff,2.083333333,0.560977876,1.727272727
coarse,3.4,0.544117391,2.75
clear,3.545454545,0.684407592,0.230769231
sour,4.75,0.545347393,1.461538462
long,2.272727273,0.697508693,0.090909091
right,2.909090909,0.690057218,0.916666667
plain,1.636363636,0.631206214,1.357142857
sheer,2.454545455,0.56731689,1.615384615
warm,3.909090909,0.614675581,1.230769231
sleek,2.833333333,0.388367563,3
loud,4.181818182,0.5864169,1.2
slow,2,0.653873146,1.636363636
full,3.166666667,0.695671618,1.785714286
swift,2,0.608561814,3.230769231
broad,1.6,0.654334962,2.266666667
deaf,2.727272727,0.563575804,0.142857143
cool,3.1,0.622363806,2.214285714
weak,2,0.638053417,1.307692308
brave,2.090909091,0.580948949,1.416666667
loose,2.3,0.623768508,1.416666667
rough,4.090909091,0.628507376,2.142857143
lush,2.545454545,0.554862916,1.642857143
plush,2.454545455,0.400287569,1.333333333
hoarse,2.272727273,0.258495063,1.538461538
prime,1.5,0.659004867,0.928571429
course,2.333333333,0.6879071,0.4
mute,3.166666667,0.507548392,0.545454545
dull,1.636363636,0.557404637,1.615384615
mild,1.909090909,0.586696148,0.75
nice,2.818181818,0.607051134,0.8125
free,3.2,0.692312002,0.769230769
dense,3.9,0.593999028,2
fast,2.6,0.666125715,2.166666667
suave,3.1,0.345169604,1.230769231
quick,2,0.650586903,3.333333333
vice,2.454545455,0.64775902,0.583333333
harsh,2.083333333,0.606223166,2.642857143
wise,2.1,0.612033129,0.4
drab,2.272727273,0.35937911299999997,3.214285714
strange,2.2,0.637696326,0.5
odd,2.454545455,0.617686749,1
sly,2.272727273,0.522914767,1.384615385
good,2.166666667,0.694887578,0.928571429
shrill,3.636363636,0.321691841,3.285714286
brief,2.1,0.671477258,0.2
wrong,2.272727273,0.636805117,1.428571429
please,2.1,0.604104698,0.6
bland,3,0.494625479,2.071428571
dank,2.363636364,0.219748721,1
out,2.3,0.699882627,0.923076923
lithe,1.818181818,0.22178638,0.846153846
due,2,0.68802458,0.416666667
now,1.4,0.700823486,1.461538462
so,1,0.699145854,0.909090909
mere,1.083333333,0.620937109,0.428571429
then,1,0.699745357,0.1875
too,1.181818182,0.691607833,1
petite,3.454545455,0.401542544,1.615384615
quiet,3.545454545,0.624294519,1
crimson,5.4,0.563549042,0.307692308
yellow,5.090909091,0.645207584,0.5
little,2.9,0.695930123,1.15
sunny,5.1,0.566128254,2
narrow,2.8,0.634004712,0.285714286
purple,4.555555556,0.60867238,1.181818182
skinny,4.818181818,0.460515022,1.928571429
crooked,2.090909091,0.502335131,2
tiny,2.7,0.625635326,3.363636364
empty,2.909090909,0.629552126,0.8
oval,3.181818182,0.574156582,1.714285714
sturdy,3.090909091,0.486992329,1.769230769
scrawny,4.1,0.203317717,2.5
brittle,3.909090909,0.494497359,2.230769231
puny,3,0.209986255,2
humid,6,0.557559252,0.384615385
heavy,4.909090909,0.674231052,1.1
ugly,4.454545455,0.56958586,1.8
happy,4.090909091,0.646888494,2.076923077
dirty,5.090909091,0.603904665,1
alive,3.818181818,0.644882739,1.384615385
extreme,2.818181818,0.661797464,1.066666667
immense,3.5,0.593365967,2.076923077
solid,3.363636364,0.649710834,1.153846154
vivid,3.7,0.554584682,0.416666667
tender,4,0.58518523,1.466666667
grotesque,5.1,0.477988869,0.857142857
rotten,5.6,0.522057652,2.142857143
putrid,4.454545455,0.217997104,1.076923077
liquid,4,0.611604869,1.5
bitter,5.2,0.603503227,1.307692308
sorry,3.6,0.56135869,0.153846154
hungry,5.090909091,0.559294581,1.285714286
stupid,2.6,0.563061178,1.727272727
afraid,3,0.584441781,1.333333333
angry,4,0.617591619,1.769230769
asleep,3.272727273,0.562054813,0.454545455
awake,4.5,0.52075237,2.1
gentle,2.818181818,0.57664156,2.642857143
naughty,4.4,0.457613289,0.4
alone,2.8,0.6709705,1.230769231
honest,3.363636364,0.577995777,0.214285714
holy,4,0.642945588,0.769230769
frozen,5.1,0.594719708,1.909090909
olive,4.5,0.580016434,0.6
stubborn,3.4,0.45748204,0.454545455
mini,3,0.589395463,3.9
clingy,3.272727273,0.17196466,0.9
precious,4.6,0.581721723,0.538461538
rubber,3.9,0.605774701,0.8
proper,2.3,0.665932477,0.857142857
able,1.727272727,0.68483597,0.466666667
fragile,3.9,0.558802485,1
rapid,3.6,0.651230335,2.6
major,2.8,0.695335686,0.428571429
mental,4,0.640603364,0.461538462
flimsy,3.727272727,0.300730437,1.8
direct,2,0.684355855,1.230769231
frigid,4.181818182,0.331804276,2.363636364
bogus,3,0.397935539,1.769230769
social,3.2,0.67447114,0.428571429
distinct,2.3,0.652541101,1.846153846
rugged,4.181818182,0.563205242,2.090909091
prior,1.545454545,0.687018812,0.583333333
noble,3.454545455,0.630051792,0.545454545
martial,2.9,0.619129419,0.083333333
irate,3,0.351478368,1.285714286
discreet,2.4,0.389254957,0.384615385
aloof,3.2,0.370997787,0.714285714
pretty,4.9,0.614638448,2
tonight,3.454545455,0.575351,0.615384615
today,3.636363636,0.69170022,0.416666667
away,1.9,0.688319743,0.75
over,1.5,0.700757504,0.8
around,1.9,0.697188079,0.6
nail,3.6,0.550587595,0.181818182
tie,2.7,0.612076044,0.461538462
paint,4.818181818,0.62578392,1.727272727
rake,2.3,0.414159745,1.6
brush,2.454545455,0.573041081,1.727272727
kiss,4.5,0.611575782,1.25
shed,3.909090909,0.604738951,0.181818182
sail,3,0.590195954,1.545454545
spike,4,0.600470543,1.923076923
watch,1.909090909,0.659722567,1.153846154
fly,3.4,0.64648056,1.923076923
stick,2.8,0.609461784,1.928571429
skate,3.8,0.550130308,1.416666667
ditch,2.416666667,0.55572778,0.9
swing,3.181818182,0.607383192,2.5
frown,3.1,0.228358001,1.454545455
tear,2.818181818,0.565919936,0.555555556
swim,3.909090909,0.574006855,1
clap,4.916666667,0.375493914,2.833333333
sneeze,4.4,0.263238847,1.5
sleep,4,0.620583236,0.769230769
boil,3.090909091,0.446442902,1.384615385
climb,2.2,0.588277996,0.846153846
dig,3,0.561942637,0.636363636
cook,3.1,0.644494653,0.9
fold,2.8,0.573352277,0.636363636
knit,2.8,0.366951317,0.181818182
lick,4.8,0.44170779,1.166666667
cry,3.909090909,0.585962474,0.866666667
drive,4.181818182,0.670567214,0.230769231
bite,3.3,0.55850732300000006,2
slide,2,0.594906747,1.416666667
freeze,4.545454545,0.560031056,1.066666667
spit,4,0.498968482,1.75
yawn,4.6,0.189733937,3.384615385
stab,3.454545455,0.463751644,2.285714286
march,2.4,0.678185999,0.923076923
wash,2.636363636,0.56812185,1.461538462
cut,3.083333333,0.675215006,0.705882353
chime,4,0.32637006,3.307692308
zip,4.181818182,0.529364705,3.4
float,3.818181818,0.562495172,0.545454545
weave,2.9,0.437292725,0.363636364
sweep,2.454545455,0.566223979,3.235294118
draw,2.727272727,0.650243044,0.2
stand,2.8,0.670221031,1.5
wag,3,0.284732908,1.8
wipe,3.6,0.474948913,2
hop,3.272727273,0.600127161,3.3
snore,3.916666667,0.162435532,2.769230769
swerve,3,0.273426801,2.636363636
chew,3.818181818,0.443081468,2.214285714
sing,4.2,0.620099723,1.7
laugh,4.363636364,0.564838946,0.75
knock,3.636363636,0.562599897,3.0625
pour,3,0.504331768,1.3
flirt,3.916666667,0.397661865,1.083333333
eat,4.636363636,0.610933304,0.647058824
smash,3.272727273,0.563937485,3.5
fall,3.25,0.685667694,1.533333333
write,4,0.654095113,1.181818182
fight,3.3,0.669480503,0.363636364
howl,3.833333333,0.377485961,4
kill,2.818181818,0.649131894,1.692307692
sit,2.2,0.609216571,0.866666667
talk,2.5,0.65697252799999994,0.214285714
twirl,3.545454545,0.199153289,3.363636364
burn,4.909090909,0.613063514,0.416666667
scratch,2.909090909,0.565645933,3.285714286
shine,3.4,0.5602808,2.266666667
rip,3.583333333,0.556815565,3.736842105
bounce,3.6,0.545278609,2.642857143
dump,3.545454545,0.554529548,2.9375
kneel,2.818181818,0.330734402,2
dive,2.6,0.567581415,1.571428571
treat,3.083333333,0.612289786,1.285714286
strike,3.818181818,0.65412879,1.083333333
run,3.363636364,0.686974168,0.909090909
cheer,4.090909091,0.529983819,2.8
hunt,3.2,0.649410784,0.357142857
ooze,3.636363636,0.283841759,3
clamp,3.2,0.440647155,2.818181818
stop,1.7,0.675610185,2.5
break,3.083333333,0.673044443,2.9
slip,3.636363636,0.581766546,2.615384615
drag,3.166666667,0.597046256,2.083333333
play,3.1,0.682072699,1.083333333
scream,4.181818182,0.561101913,2.5
roll,3.166666667,0.641375244,1.333333333
spin,3.090909091,0.607297957,1.454545455
stretch,4.454545455,0.605114818,2.4
shoot,5.090909091,0.624104857,2.6
call,2.636363636,0.684327126,0.416666667
pat,1.636363636,0.629116476,3
cast,1.7,0.666467249,0.222222222
die,4.272727273,0.653633416,0.333333333
rub,2.8,0.398849159,1.5
suck,3.9,0.452132583,2.692307692
catch,3.181818182,0.630933702,0.461538462
hit,2.4,0.661454678,1
crawl,2.7,0.483657479,3.272727273
feed,2.2,0.62261951,0.8
shake,4.545454545,0.561275065,2.615384615
hang,2.454545455,0.58428371,0
slash,2.8,0.516995728,2.818181818
hurl,3.166666667,0.306021631,2.181818182
throw,3.166666667,0.605688095,0.785714286
dip,3.636363636,0.513320088,1.4
sniff,4,0.279076725,3.363636364
drop,2.5,0.648483336,1.071428571
squeeze,3.4,0.489824235,2.538461538
squeak,4.090909091,0.280666381,4.230769231
split,3.454545455,0.669803321,1.076923077
slouch,2.636363636,0.269186825,2
touch,4.090909091,0.640190661,0.823529412
yell,4.363636364,0.439161539,0.583333333
spill,4.181818182,0.49191469,1.916666667
blow,3.272727273,0.613474846,1.363636364
chirp,3.2,0.262925714,4.142857143
skip,1.909090909,0.56016165,2.090909091
rob,2.333333333,0.628644288,0
push,2.4,0.625590146,2.333333333
pull,2.5,0.61073786,2.083333333
melt,3.818181818,0.565061748,0.615384615
shag,3.3,0.317348212,1
love,4.818181818,0.669343472,1.125
lift,3,0.613260686,0.571428571
hold,2.083333333,0.680386484,0.846153846
left,1.7,0.693393111,0.454545455
trim,2.1,0.564538002,0.181818182
win,2.916666667,0.642925322,0.428571429
mush,3.454545455,0.283273607,3.076923077
show,2.1,0.685839236,0.846153846
munch,3.1,0.375442058,3.4
grind,3.636363636,0.452218711,2
skim,2.7,0.265057355,1.642857143
strut,3.416666667,0.415760189,2.1
turn,1.909090909,0.69080323,0
moan,4.5,0.260912985,3.714285714
look,3,0.676527381,1.818181818
aim,1.272727273,0.648848712,0.454545455
work,3.545454545,0.697824061,1.714285714
stink,4.363636364,0.29523325,1.5
leave,1.333333333,0.673905432,0.615384615
saw,2.636363636,0.688080847,1.733333333
hiss,3.333333333,0.350595027,4.153846154
flee,2.8,0.582380772,0.5
roam,4.1,0.416207224,0.545454545
cost,2.454545455,0.667671978,0.538461538
dim,2.090909091,0.493421555,1.230769231
waste,2.5,0.625764608,0.071428571
breathe,4.363636364,0.528665364,2.666666667
scare,2.909090909,0.548202515,0.666666667
build,2.454545455,0.669424415,1.153846154
pick,3.363636364,0.62698096,2.076923077
steal,1.636363636,0.590467393,0
trot,3.333333333,0.35888201,2.1
slay,3.090909091,0.446111143,0.6
sway,3.2,0.498070508,2.2
hide,2.3,0.61011225,1.142857143
fell,2.909090909,0.666441441,1.714285714
thump,3,0.259542972,3.3
whine,3.636363636,0.23497431,2.666666667
bang,3.545454545,0.570578277,3.833333333
teach,2.2,0.620377064,0.153846154
click,4.090909091,0.554695547,4.461538462
glide,3.666666667,0.483209997,3
hurt,3,0.609948516,0.9
squawk,4.4,0.268241107,3.461538462
rot,4.090909091,0.478633404,1.230769231
sound,4.272727273,0.673971176,0.833333333
sneak,3.545454545,0.539428771,3.4
live,2.454545455,0.682081461,0.416666667
bob,2.166666667,0.661709428,1.2
burst,3.2,0.583508968,2.916666667
zoom,3.4,0.510722101,3.6
smell,2.818181818,0.556756973,0.923076923
rise,3,0.670367301,1.5
mope,3.166666667,0.185649812,1.181818182
hear,4.2,0.623115718,0.066666667
bound,2.090909091,0.639141142,0.4
move,2.3,0.686408699,0.3
fix,2,0.588699102,0.538461538
bash,2.666666667,0.47107628,3.083333333
char,2.1,0.430958778,2.083333333
felt,2.545454545,0.671656072,0.928571429
squeal,4.166666667,0.22748121600000001,2.923076923
fit,3.272727273,0.650912941,0.470588235
fail,3.272727273,0.618704617,1
thrash,3.545454545,0.526276469,1.461538462
gush,4.5,0.305185944,3.272727273
hope,1.7,0.669783711,1.125
hate,2,0.590727508,1.4375
see,2.727272727,0.698232234,1.272727273
reek,4,0.158711046,2.533333333
wish,2.636363636,0.637177646,2.181818182
last,1.9,0.695410192,0.615384615
join,1.727272727,0.664626896,0
whiz,1.818181818,0.322591215,0.3
tweet,2.545454545,0.271748364,2.2
trust,2.272727273,0.654198945,0.2
feel,3.363636364,0.651496053,1.25
blare,3.818181818,0.16453667,1
help,1.636363636,0.691473424,1.533333333
give,2.5,0.685032487,1.272727273
say,2.272727273,0.674430668,0.8
take,1.916666667,0.694892108,1.2
make,1.090909091,0.695097804,0.642857143
heave,3.272727273,0.254326403,3.285714286
blame,2.636363636,0.57743299,0.428571429
solve,2.583333333,0.603075206,0.416666667
wail,2.7,0.261799723,0.5
sear,2,0.296874881,2.142857143
stay,1.545454545,0.666049063,0.833333333
bring,1.2,0.676263094,0.133333333
think,2.636363636,0.658648908,0.363636364
will,1.909090909,0.696706176,0.214285714
bore,2.75,0.602628529,0.923076923
find,1.5,0.685161829,0
prompt,1.727272727,0.528008997,2
know,1.7,0.671046913,0.769230769
trudge,2.6,0.178381607,0.8
come,2.818181818,0.69109261,0.214285714
go,2,0.688200474,1.454545455
put,1.3,0.690103352,1.230769231
skulk,2.666666667,0.19557938,2.25
must,2.25,0.683047295,1.5
plod,2.333333333,0.154591456,1.727272727
do,1.5,0.692836165,0.846153846
be,1.909090909,0.699708283,0.384615385
answer,1.9,0.635039032,0.5625
rattle,3.090909091,0.394326687,3.272727273
defeat,3.454545455,0.641094327,0.076923077
open,2.454545455,0.689782441,1.1
bother,2.363636364,0.455204099,0.5
welcome,2.9,0.611742377,1.384615385
finish,4.818181818,0.635658503,0.181818182
measure,2.818181818,0.651499569,0.545454545
increase,2.454545455,0.665834665,1.071428571
recall,2.818181818,0.598091245,0.166666667
release,2.818181818,0.673285186,2
savor,4.5,0.222761333,1.4
extend,2.909090909,0.630690753,1.5
vomit,5.181818182,0.370344281,1.090909091
arrange,1.818181818,0.567683816,0.428571429
observe,3.7,0.596173704,1.454545455
impress,2.545454545,0.531803846,0
babble,3.2,0.21279113,3.538461538
perceive,2.2,0.556348622,0.5
whisper,4.090909091,0.424174011,2.538461538
listen,4.3,0.588381708,0.75
wiggle,3.5,0.270299137,2.6
meow,5.090909091,0.23744373,3.5
tickle,5.090909091,0.323171407,2.142857143
hurry,4.272727273,0.453376919,0.75
argue,3.2,0.63006562,0.428571429
begin,2,0.675931692,1.571428571
follow,2.272727273,0.674395382,0.142857143
carry,3.454545455,0.666151285,0
cover,2.8,0.680998683,0.428571429
giggle,3.818181818,0.231252223,3
collect,2,0.620830119,0.384615385
enter,2.727272727,0.662786007,0.307692308
confuse,2.727272727,0.47854057,1
buckle,2.727272727,0.399763346,1
wobble,3.727272727,0.323139578,2.4
excite,4.272727273,0.372606128,2.076923077
worry,3,0.559175491,0.461538462
destroy,3.6,0.631488621,1.857142857
invite,2.636363636,0.556445003,0.230769231
wander,3.3,0.465808868,0.545454545
compete,3.4,0.627426028,1.083333333
prefer,2,0.603915393,0.166666667
explode,5.2,0.538437009,2.727272727
embrace,4.7,0.574253321,1.454545455
mumble,3.545454545,0.210382402,3.466666667
ruin,3.181818182,0.569452047,0.461538462
jiggle,4.363636364,0.169398606,2.583333333
offer,2.5,0.678754568,0.076923077
prepare,2.636363636,0.625573039,0.384615385
strangle,4.363636364,0.357834488,1.285714286
produce,3.8,0.671472549,0.071428571
dazzle,4.6,0.291971833,1.583333333
tumble,3.6,0.353594959,2.181818182
rotate,2.7,0.556205988,1.727272727
stumble,3.727272727,0.372972041,1.7
select,3.4,0.637489617,0.076923077
flutter,4.4,0.361431062,2.7
expand,3.3,0.630742311,1.214285714
reduce,1.5,0.647270679,0.181818182
insult,3.727272727,0.525276721,0.833333333
construct,2.545454545,0.616102755,0.083333333
inform,2.5,0.582506418,0.461538462
trample,4.181818182,0.229029417,2.076923077
redeem,2.2,0.4278014,0.214285714
resist,2.363636364,0.581420004,0.769230769
invade,3,0.562257946,1
scurry,3.5,0.234865904,2.923076923
permit,2.818181818,0.621550381,0.692307692
regret,2.5,0.556797504,0.153846154
depress,4.090909091,0.283519894,0.692307692
emerge,3.454545455,0.592034161,1.25
defy,3.545454545,0.401154339,0.846153846
reflect,3.6,0.633120835,0.6
shimmer,4.9,0.320566773,2.357142857
dawdle,2.1,0.222574875,1.727272727
rustle,3.636363636,0.17748946,2.571428571
promote,2.6,0.652931929,0.142857143
relate,1.555555556,0.585962832,0.076923077
chisel,3.090909091,0.347999543,1.6
scuttle,2.9,0.301017433,2.7
ramble,3,0.264232039,2.166666667
portray,2.727272727,0.565814853,0.5
confide,2.8,0.283364743,0.692307692
resent,2.1,0.355124772,0
despise,2.727272727,0.332822025,1
refute,1.909090909,0.401770383,0.230769231
truck,2.9,0.62503922,0.6
peach,4.181818182,0.539026856,0
grass,4.083333333,0.610687792,1.1
car,3,0.670732021,0.466666667
dog,3.9,0.660018504,1.272727273
clown,3.5,0.563621879,0.153846154
barn,3.3,0.578556657,0.7
bee,4.272727273,0.590845466,1.545454545
goose,3.090909091,0.557485402,0.230769231
corn,3.454545455,0.586753607,0.307692308
clock,3.416666667,0.621691227,0.611111111
arm,2.5,0.65014559,0.2
ship,2.5,0.661704421,0.8
star,2.8,0.680522501,1.583333333
sword,4.181818182,0.618546605,0.933333333
leg,2.8,0.624618709,0.315789474
head,3.818181818,0.686961293,0.6875
tooth,3.454545455,0.567604184,1
ear,3,0.59334451,1.1
rice,2.818181818,0.637607634,0.272727273
zoo,3.4,0.600342453,1.538461538
pig,2.5,0.587475896,0.5
cow,4.272727273,0.58762151,1.454545455
pea,4.454545455,0.530355096,1.6
fish,2.909090909,0.650613606,0.071428571
sheep,2.5,0.603468895,1
chalk,4.6,0.558389544,0.636363636
coke,2.727272727,0.536798358,1
bike,3,0.597943008,0.9
moon,3.818181818,0.650236964,0.1
rat,2.8,0.585462451,1.636363636
jar,3.727272727,0.512483418,0.461538462
dime,1.8,0.408609867,0.363636364
ape,4.181818182,0.514373481,1.2
pill,2.272727273,0.481776655,0.3
toad,3,0.504108667,0.5
hawk,3,0.591332793,2.3
shrimp,2.636363636,0.568170667,2.666666667
church,2.5,0.662733018,0.076923077
frog,3.636363636,0.568015337,2.181818182
breast,3.75,0.584977865,0.333333333
eye,4,0.662747622,1
hat,2.909090909,0.612001836,1.461538462
wolf,4.5,0.63660574,1.25
skirt,3.8,0.501424551,0.076923077
cup,2.1,0.611241579,1.538461538
grape,4.545454545,0.561481178,0.909090909
dad,4,0.586321652,1.5
sock,3.2,0.387283236,0.090909091
toe,3.909090909,0.557045162,0.142857143
bug,2.9,0.568531334,1.9
boat,3.090909091,0.65032953,1.142857143
ant,3.083333333,0.553577602,0.6
sand,3.4,0.624162912,0.461538462
heart,3.909090909,0.674785316,0.928571429
moose,3.7,0.553578496,0.3
rose,4.727272727,0.675702155,0.545454545
cave,3.1,0.6201756,1.272727273
ghost,2.916666667,0.633210182,0.5
stone,2.9,0.671059847,1.272727273
jail,3,0.605539382,0.5
fork,3,0.570300579,0.818181818
phone,4.181818182,0.639047563,0.083333333
witch,2.5,0.595714688,0.416666667
fence,2.181818182,0.577391565,0.25
gun,3.363636364,0.652862191,0.5
bed,4.090909091,0.633121848,0.416666667
ball,3.272727273,0.657249272,0.75
bell,3.909090909,0.666925251,1.181818182
lamp,2.727272727,0.570845127,0.071428571
lamb,3.090909091,0.581600904,0.416666667
road,2.6,0.662978649,0.181818182
pen,4,0.60595876,0.6875
tent,2,0.570382953,0.4
jeans,4.272727273,0.517888367,0
rope,2.833333333,0.58347261,0
broom,2.363636364,0.460089713,0.571428571
hog,3.333333333,0.472270966,0
brick,2.6,0.601204634,1.25
bra,3.1,0.409412622,0
earth,3,0.667156994,0.142857143
hound,2.6,0.51285243,1.1
coin,2.5,0.589872122,0.4
dove,4.181818182,0.559313476,0.3
toast,3.090909091,0.478901476,0.545454545
sky,3.818181818,0.645482957,0
cat,2.6,0.644705594,0.538461538
snake,4.272727273,0.603358865,2
belt,4.272727273,0.624464452,1.2
scarf,3,0.43508029,0.416666667
wheel,2.8,0.627571344,0.166666667
glass,2.727272727,0.652381957,0.8
snail,3.181818182,0.524321675,0.909090909
soap,3.2,0.599443436,0.214285714
duck,3.272727273,0.598981977,0.3
milk,5,0.614093482,0.733333333
smile,4.363636364,0.566779554,1.727272727
mud,3.4,0.59109354,1.692307692
park,2,0.665728331,0.384615385
skunk,4.818181818,0.40580377,1.6
soup,3.083333333,0.556956232,1
wasp,2.909090909,0.524369955,0.9
wig,3,0.47715351,1.3
owl,3.454545455,0.556966305,0.090909091
weed,4.4,0.540414929,1.7
grave,4.454545455,0.620189011,1.642857143
flea,3.727272727,0.469983816,1.363636364
king,3.25,0.679246902,0.75
thorn,5.2,0.540924907,1.25
moss,2.3,0.596559167,0.181818182
rock,3.545454545,0.672360241,1.272727273
tomb,4,0.590463221,0.909090909
corpse,4.1,0.570684791,1.9
child,3,0.676274657,0.933333333
camp,2.5,0.669101,0.769230769
bird,3.6,0.645711899,0.727272727
blood,4.3,0.660014272,0.333333333
prince,3.363636364,0.660089672,1.307692308
desk,2.666666667,0.578593552,0.083333333
bomb,3,0.631709337,1.9
nose,3.818181818,0.605117261,0.25
hen,2,0.471621305,0.454545455
bone,3.363636364,0.613102198,0.090909091
key,4,0.688848197,0.3
face,3.090909091,0.680500805,0.272727273
plate,2.6,0.627350748,0.928571429
bag,1.454545455,0.599264145,1.090909091
knee,4.272727273,0.576362073,0.133333333
drum,4.727272727,0.62170279,3.181818182
glue,3.4,0.527019262,0.6
gum,3.916666667,0.557561219,1.6
cheek,2.3,0.518027425,1.3
cage,2.545454545,0.599629223,0.846153846
mop,2.583333333,0.344644368,1.8125
crab,2.5,0.589582801,0
plum,3.3,0.511947334,0.727272727
pine,2.4,0.605946779,1.3
pork,2.6,0.570417583,0.166666667
nurse,4.272727273,0.601681471,1
knight,3.636363636,0.64278239,1.4
pearl,3.2,0.62137264,1.181818182
blouse,3.181818182,0.409079701,1.1
squid,4.5,0.50914824,1.727272727
bowl,3.818181818,0.61237222,1.5
gem,2.9,0.555402517,1
book,3.4,0.685146511,0.090909091
pipe,2.7,0.608615696,0.333333333
gold,2.916666667,0.673070312,0.692307692
lawn,3.181818182,0.567566395,0.6
meat,4.2,0.615132391,0.2
girl,2.8,0.659341931,0.636363636
fawn,1.8,0.366944611,1.7
cliff,5,0.614529848,1.4
spoon,3.909090909,0.491013497,0.3
fruit,3.6,0.616892755,1
juice,3.3,0.562441111,0.615384615
mat,1.909090909,0.558633983,0.545454545
pan,2.8,0.611195028,1.2
bush,2.727272727,0.648624182,0.25
van,3.363636364,0.673812747,0.090909091
jet,4.333333333,0.622572303,0.833333333
crow,3.333333333,0.584617078,1.909090909
axe,4.181818182,0.561097324,1.9
coal,3.727272727,0.624634743,1.4
court,2.363636364,0.668657601,0.066666667
flute,3.636363636,0.568247855,1.545454545
dirt,2.1,0.581844926,1
string,3.181818182,0.635902286,0.272727273
vest,2.3,0.460176647,0
seat,3.181818182,0.641798437,1.454545455
chin,3.3,0.561611235,1.333333333
storm,3.9,0.641646624,0.428571429
boy,4.181818182,0.668982863,1.7
aunt,3,0.599859715,0.2
man,4.090909091,0.688012123,0.647058824
bread,3.2,0.586590469,0.333333333
wall,3.727272727,0.665288329,0.4
trash,3.25,0.556191623,0.7
bull,3.1,0.624663651,1.4
ring,4.2,0.659742117,3.153846154
bat,3.4,0.596978962,0.153846154
dish,3.545454545,0.569580913,0.75
mug,3.3,0.362292498,0
nut,4,0.559731007,1.285714286
scar,3.8,0.538410842,0.8
pot,3.818181818,0.580769479,1.545454545
cape,4,0.634221673,0.454545455
crown,2.7,0.651687026,0.9
leech,3.6,0.40388599,2
cork,4.1,0.583040178,1.090909091
pier,2.272727273,0.578543484,0.090909091
gift,3.090909091,0.636276901,0.785714286
bank,2.916666667,0.66695118,0.571428571
tape,3.181818182,0.626324296,0.5
horn,4.416666667,0.620673001,1.3
clay,2.545454545,0.631648481,0.2
gate,3.818181818,0.639230371,0.25
beer,3.583333333,0.62229836,0.846153846
dart,3.545454545,0.554858148,1.2
hut,1.272727273,0.562529325,1.1
tool,2.583333333,0.63943922500000006,0.538461538
morgue,3.1,0.383527994,1.2
dress,3.272727273,0.616856635,0
stripe,2.818181818,0.554168701,0.75
band,1.727272727,0.669796169,0.307692308
fog,3.7,0.569965065,0.857142857
shell,3.666666667,0.64023453,0.928571429
pear,3.8,0.46556282,0
food,4.181818182,0.672236919,1.071428571
pin,2.181818182,0.594168365,1.909090909
pup,3.666666667,0.398967236,1.5
branch,2.6,0.661397099,0.571428571
root,2.916666667,0.627831101,0.571428571
sleigh,3,0.346673101,0.090909091
cart,2.181818182,0.557943106,0.916666667
drill,3.090909091,0.577848256,0.909090909
raft,2.5,0.533837557,0.3
spine,3.272727273,0.559362769,1.3
clam,2.909090909,0.425226241,1.272727273
trunk,2.1,0.584838569,0.666666667
soil,3.5,0.626966,0
hug,4.272727273,0.438081712,2
bib,1.818181818,0.264968336,0.083333333
knob,2.5,0.49349916,0.7
spring,3.363636364,0.676247895,2.1
robe,2.3,0.4705199,0.8
jam,4,0.599284112,0.571428571
dough,3.272727273,0.501392305,0.5
tin,2.9,0.595831156,1.2
spear,3.6,0.557046354,0.909090909
silk,2,0.590725362,2.923076923
lime,4.3,0.561311841,0.5
pole,1.636363636,0.609951973,0.181818182
shield,1.7,0.623422027,1.9
stump,2.9,0.472010434,1.857142857
hole,1.909090909,0.631283939,2.538461538
night,4.181818182,0.680929244,1.090909091
sweat,4.4,0.525476694,1.153846154
five,1.5,0.69388181,0.769230769
cone,2.090909091,0.574090481,0.153846154
frost,4.454545455,0.595067084,0.615384615
tick,2.909090909,0.454825878,2.909090909
slime,3.416666667,0.400694311,3.2
curb,3.2,0.529614925,0.384615385
grain,2.3,0.607925177,0.133333333
steel,3.818181818,0.651594877,1.333333333
sauce,4.636363636,0.559346974,1.166666667
flesh,3.1,0.57995218,0.916666667
foam,3.818181818,0.561837614,1.615384615
wife,3.454545455,0.664679885,0.333333333
god,2.8,0.650994897,0.230769231
drink,5.090909091,0.618344665,1
block,2.583333333,0.663749814,2.428571429
cream,3.416666667,0.591964722,0.214285714
slug,2.8,0.436866999,1.6
hook,3.25,0.597242415,1.454545455
stork,1.727272727,0.38512072,0.636363636
prune,2.545454545,0.269391567,2
bronze,3.454545455,0.613480747,0.083333333
friend,3.1,0.666441143,0.818181818
bolt,3.272727273,0.569574952,1.1
cough,4.818181818,0.483752012,2.363636364
snack,3.5,0.533425331,0.583333333
room,2,0.673616648,0.058823529
booth,1.8,0.603603303,0.071428571
vault,1.7,0.565667033,0.545454545
hike,2.9,0.49320519,1.181818182
note,2.3,0.678908944,0
sack,1.909090909,0.555192828,1.5
shack,3.090909091,0.486904919,0.9
drain,2.090909091,0.565791786,1.636363636
lung,3.909090909,0.57107383,0.384615385
feast,3.6,0.56846272900000006,0.5
spool,1.272727273,0.365084916,0.9
mold,3.909090909,0.555524111,0
sink,2.75,0.565277219,0.5
mint,3.833333333,0.559246719,0.538461538
cloak,2.4,0.515435994,0.272727273
rust,3.090909091,0.509123743,0.75
tack,3,0.383648455,0.909090909
hell,2.545454545,0.629449189,1
three,2.363636364,0.698362887,1.615384615
lunch,3.818181818,0.588216245,0.5
crowd,4.181818182,0.634097695,1.142857143
mill,2,0.631610036,0.733333333
herb,3.181818182,0.567206085,0.230769231
dust,2.454545455,0.607313931,0.538461538
flake,3.272727273,0.371250451,1
clip,3,0.572788775,1.75
wrench,2.363636364,0.367067605,1
blush,3.818181818,0.298285723,1.6
gloss,3.166666667,0.407603204,2.357142857
suede,3.545454545,0.400432885,0.363636364
hump,2.727272727,0.386260301,2.153846154
track,2,0.673231125,0.571428571
text,2.5,0.652066529,0
edge,3.363636364,0.656059921,1.083333333
splash,3.272727273,0.506786764,3.5
peg,2.727272727,0.460294992,2.2
arch,2.5,0.594471693,2.5
lump,2.636363636,0.418498039,2.384615385
team,2.727272727,0.668443739,0.307692308
breath,3.7,0.571370661,1.666666667
sport,3,0.652896881,1.384615385
punch,4.545454545,0.583222508,2.076923077
sting,3.454545455,0.565817058,2.615384615
snout,3.4,0.55561614,0.75
mist,3.8,0.530224681,2.461538462
lane,2.545454545,0.646678686,0.583333333
crook,1.9,0.49515765899999997,1.461538462
dream,3.3,0.651982963,0.642857143
inch,1.909090909,0.608558476,1.833333333
grade,1.8,0.641400576,0.615384615
plug,2.090909091,0.561976075,0.833333333
loop,1.5,0.615229666,2.416666667
crack,4.181818182,0.57789588,3.1
game,2.833333333,0.671555936,0.066666667
bump,3.3,0.487560958,3.363636364
itch,4.3,0.349109083,2.583333333
leap,3.1,0.559905648,1.818181818
shot,4.1,0.665954769,2.909090909
state,2.3,0.685844123,0.071428571
flash,4.181818182,0.622639418,3.727272727
mate,2.636363636,0.597659409,0
type,2.1,0.67613256,1.076923077
blast,4.1,0.596851349,3.545454545
top,2,0.678443968,1.090909091
two,1.818181818,0.699841261,1
pump,3.727272727,0.59067148,2.363636364
press,3.083333333,0.681451201,0.25
strip,3.090909091,0.644551635,2.4
dome,4,0.593575358,0.2
twine,1.909090909,0.30870229,0.181818182
cult,2,0.624668717,0.636363636
death,3.8,0.682762504,0.785714286
urn,2,0.407356113,0.3
twist,3.2,0.588075459,2.8
nap,3.9,0.371662587,1.272727273
glow,3.545454545,0.536052406,1.153846154
jerk,1.7,0.393328458,0.909090909
sprint,3.272727273,0.568854332,1.7
perch,2.454545455,0.494137943,1.1
pulse,4,0.581309319,2.416666667
slush,3,0.261040777,3.25
crash,4.545454545,0.635905027,3.769230769
ride,3,0.641838551,1.166666667
filth,3.545454545,0.379317522,1.666666667
staff,1.909090909,0.678227663,0.9
snort,4.454545455,0.20884192,2.785714286
west,2.2,0.677486956,1.117647059
craft,1.9,0.635194957,0.733333333
chop,3.7,0.442764938,3.272727273
stroll,2.636363636,0.372552186,0.818181818
smirk,3.8,0.196271122,1.8
prowl,2.818181818,0.340898573,1.909090909
breeze,4.545454545,0.50022912,0.9375
curve,3.4,0.596696377,1
base,2.090909091,0.677682817,1
whirl,2.454545455,0.251628876,3.818181818
chase,2.545454545,0.640242457,0.692307692
trap,2.6,0.604819238,1.692307692
slate,3.2,0.56340462,1.363636364
roost,1.4,0.39280808,0.2
job,2.363636364,0.674696326,0.307692308
load,2.363636364,0.619238675,0.0625
pain,4.181818182,0.623328149,0.230769231
pant,2.833333333,0.293875396,1.416666667
puff,3.3,0.41200614,2.6
swirl,2.545454545,0.327757627,2.636363636
freak,2.7,0.548281908,1.357142857
punk,2.272727273,0.604619622,1.5
haze,3.090909091,0.431562692,1
sleet,4,0.33501938,2.181818182
peep,2.7,0.349494904,2.9
trough,1.636363636,0.503337145,0.181818182
shape,2.909090909,0.650812805,0.8
tap,3.818181818,0.577275276,3.363636364
name,2.333333333,0.688795388,0.071428571
streak,2.818181818,0.571365952,1.545454545
slab,2.454545455,0.544312596,1.5
snarl,4.272727273,0.258316755,3.384615385
stride,3.25,0.419737458,0.727272727
blotch,3,0.344205439,1.833333333
tote,1.5,0.288101524,0.333333333
slum,2.9,0.457706064,2.4
pound,3.272727273,0.596208453,0.25
flat,2.636363636,0.645552933,2.307692308
tart,3.8,0.374705851,0.75
roar,3.5,0.446790636,3.923076923
crunch,3.9,0.425742328,3.785714286
mash,2.8,0.456891507,3
crease,3.545454545,0.413069516,0.615384615
sloth,3.083333333,0.377455056,1.1
grub,3.5,0.311230272,1.846153846
loan,1.75,0.609226406,0
birch,2.181818182,0.555957437,0.3
crime,2.272727273,0.659655035,0
slick,2.545454545,0.535648048,2.066666667
taste,4,0.613021076,1.142857143
goo,2.909090909,0.400083899,3.153846154
growl,4.166666667,0.293730795,2.923076923
goal,3.3,0.660474002,0.583333333
flap,3.1,0.493052244,2.769230769
slant,3.818181818,0.428610682,1.6
gong,3.363636364,0.560083807,3.090909091
grit,3.090909091,0.408813208,1.266666667
life,2.818181818,0.694600046,0.333333333
health,1.8,0.669666529,1.083333333
rush,3.2,0.629148722,1.857142857
noise,3.727272727,0.626511157,0.909090909
heat,3.363636364,0.639337659,1.461538462
flick,2.272727273,0.481498301,2.615384615
jay,1.818181818,0.633874416,0.454545455
prick,4.181818182,0.273021758,2.642857143
slump,2.909090909,0.430105805,2.272727273
piece,3.090909091,0.66781038,0.8
boom,3.363636364,0.605152369,3.846153846
fluff,3.916666667,0.284834385,3.214285714
ache,4.818181818,0.296162575,1.153846154
flop,3.363636364,0.4419882,3.142857143
flow,3.8,0.644797087,1.846153846
dash,2,0.567129374,2.454545455
clash,4,0.580402136,2.666666667
joy,3.166666667,0.617167711,0.785714286
strain,3.727272727,0.593959272,1.769230769
voice,3.8,0.670849085,0
chill,3.4,0.476638883,0.923076923
fool,2.636363636,0.56717056,0
prance,2.090909091,0.177968159,2
glare,4.545454545,0.371581644,1.083333333
jolt,3.727272727,0.287681788,3.1
musk,3.454545455,0.37954253,1.285714286
shock,3.090909091,0.627412498,2.25
fun,3.7,0.629094779,0.833333333
sigh,3.909090909,0.323712856,2.8
groan,4.1,0.238187596,3.230769231
peace,2.909090909,0.663463473,1.2
fling,3.583333333,0.406901419,1.818181818
shift,1.833333333,0.642540038,1.714285714
tweed,3.6,0.444768339,0.4
grief,3.1,0.562327504,0.3
screech,4.3,0.271628439,4.333333333
drift,2.909090909,0.568345845,1.909090909
bulk,1.9,0.621812403,1.230769231
mind,2.583333333,0.66515255,0.714285714
greed,2.272727273,0.523522973,1.090909091
strength,2.3,0.661441386,1.076923077
yelp,4,0.2023855,1.7
gleam,2.909090909,0.224176422,1.4375
charge,2.636363636,0.674723148,2.3
louse,2.090909091,0.299531788,0.333333333
grace,2.454545455,0.645132065,1.692307692
harm,1.5,0.598888636,0.230769231
stench,3.909090909,0.304287642,2.272727273
thud,3.2,0.243510723,3.384615385
speed,2.5,0.659227908,1.5
vow,2.181818182,0.512944639,0.846153846
shriek,4.8,0.275780082,3.5
sight,3.545454545,0.630601704,0.181818182
view,3.727272727,0.683689415,0.384615385
threat,2.636363636,0.647112548,0.307692308
gloom,3.181818182,0.34386757,1.916666667
theme,2.181818182,0.661823452,0.066666667
proof,2.1,0.626946509,0.75
ping,3.272727273,0.504267514,3.636363636
bliss,3.090909091,0.557518125,1.833333333
slang,1.9,0.557931781,0.272727273
jag,1.818181818,0.383808076,0.916666667
whiff,3.8,0.195363596,2.916666667
clang,4.5,0.194030181,3.857142857
clank,2.5,0.353717417,4.153846154
sin,2.2,0.597526133,0.1
wisp,2.363636364,0.212005705,2.153846154
slur,4,0.31313172,2.5
guild,1.75,0.59446466,0.166666667
fear,3.545454545,0.651765108,0.833333333
trek,1.363636364,0.575761318,0.363636364
pride,2.7,0.625191927,0.142857143
twinge,2.8,0.19852972,1
rasp,3.454545455,0.2088027,2
shame,2.272727273,0.558978021,1.8
past,2.083333333,0.693642557,1.214285714
dread,2.3,0.455671936,2.545454545
knack,2.416666667,0.395658791,0.7
fact,2,0.692959607,1.5
ease,2.5,0.61846143,0.75
miss,2.545454545,0.648508072,1.923076923
loss,2.636363636,0.667444766,0.666666667
form,2.454545455,0.692217052,0.615384615
murk,1.636363636,0.172678947,1.692307692
snub,1.545454545,0.269301176,1.307692308
glint,3.2,0.187644541,1.142857143
brunt,1.636363636,0.378237039,0.666666667
ire,1.636363636,0.45570609,0.4
concept,2.5,0.675978959,0.285714286
essence,3.5,0.60234797,0.846153846
moment,3.272727273,0.656110346,0.083333333
method,1.909090909,0.666593254,0.571428571
amount,1.727272727,0.667082965,0.692307692
belief,1.9,0.641723514,0.75
knowledge,2.818181818,0.66752094,0.384615385
advice,2.454545455,0.644243002,0.428571429
duty,2.3,0.643675208,0.285714286
malice,2.8,0.44942379,0.2
effort,3,0.679364622,0.153846154
crisis,3.090909091,0.645064831,0.2
spirit,4,0.663849115,0.461538462
pressure,4.6,0.661823869,0.666666667
heaven,4,0.618491828,0
glory,3.545454545,0.606112301,1.083333333
fortune,3.727272727,0.628227234,0.428571429
demon,3.8,0.59585917,0.583333333
present,3.1,0.694134295,0.307692308
anger,4.818181818,0.604120612,1
disease,5.4,0.630156755,0.166666667
drama,4.6,0.647218943,0.153846154
master,3.727272727,0.674726605,1.571428571
victim,3.444444444,0.633872032,1.846153846
odor,4,0.513988197,1.083333333
meeting,3.3,0.679227889,1.083333333
poet,4,0.629196405,0.8
panic,4.5,0.586540997,1.083333333
murder,4.5,0.649648666,0.071428571
python,3.545454545,0.551546574,2.1
angle,2.9,0.611150384,1.076923077
mammal,4.181818182,0.580123186,0.166666667
lecture,2.6,0.591991067,0.7
devil,4.545454545,0.619954944,1.25
weapon,3.727272727,0.638765514,0.076923077
teacher,4,0.65388763,0.9375
metal,3.8,0.655332565,1.166666667
cotton,3.909090909,0.621870637,0.307692308
machine,3.5,0.665440083,0.666666667
basement,4.5,0.591507614,0.818181818
glacier,4.5,0.568919778,0.9
skillet,4.181818182,0.28587243,0.4
boulder,4.3,0.562050343,0.4
college,4.8,0.6576491,1
circle,3.8,0.653617024,1.307692308
prison,4.2,0.653508663,0.866666667
kettle,3.454545455,0.472493798,1.454545455
tripod,2.454545455,0.415329009,2.1
student,3.888888889,0.675842106,0.928571429
party,4.8,0.667742491,1.923076923
pudding,6.3,0.454092532,0.3
pepper,4.727272727,0.574109435,1.571428571
paper,3.818181818,0.676080406,0.416666667
missile,4.454545455,0.600876868,0.1875
pencil,3.545454545,0.530031025,0.625
doctor,4,0.662356496,1.6
jelly,4.5,0.501348019,1.6
oven,4.363636364,0.50266099,0.133333333
building,3.454545455,0.679881513,1.636363636
bullet,5.1,0.591228366,0.076923077
spinach,6.1,0.432293028,0.1
cabin,3.363636364,0.601105511,0.090909091
beaver,4.181818182,0.572799623,0.2
palace,4.1,0.639475703,0.8
cottage,3.9,0.582622945,0.9
tower,3.9,0.651522636,1.384615385
bottle,2.272727273,0.591165543,0.5
butter,5.1,0.568141818,0.545454545
barrel,2.8,0.592253208,1
valley,2.727272727,0.656326115,0.833333333
trumpet,5.2,0.572540343,0.727272727
water,6.333333333,0.66968435,0.75
candy,5.8,0.591702878,1.117647059
river,5.7,0.646609187,1
forest,4.7,0.656905651,0.461538462
mother,5.2,0.671808064,0.307692308
baby,5.4,0.647787571,2.230769231
hammer,3.363636364,0.60811168,1.384615385
apple,4.6,0.627338588,0.083333333
coffee,5.181818182,0.625814021,1.3
ocean,6,0.642635822,0.928571429
ankle,3.272727273,0.57386595,0.466666667
mountain,4.7,0.659081578,1.083333333
leopard,4.6,0.544522703,0.4
bouquet,3.363636364,0.366928697,0.909090909
question,3,0.668020964,0.416666667
music,6,0.674664795,0.363636364
cousin,3.727272727,0.630384862,0
shovel,3.545454545,0.406965762,1.2
brunette,4.7,0.354955256,0.75
council,2,0.658219874,0.076923077
minute,3,0.650691509,1.071428571
sergeant,3.8,0.597717047,1
border,2.4,0.643696725,0.785714286
zero,4.2,0.638348281,0.692307692
device,2.454545455,0.65028888,0.230769231
purpose,2.8,0.677726984,0.333333333
dispute,2.8,0.635047495,0.307692308
blanket,5.181818182,0.531431377,0.117647059
sister,5.4,0.667569935,0.533333333
second,2.6,0.69619894,0.230769231
magic,4,0.658852339,1.266666667
entrance,2.4,0.636132121,0.461538462
tractor,3.909090909,0.563177228,0.583333333
finance,2.3,0.633138895,1
silver,3.727272727,0.662849307,0.923076923
problem,2.6,0.674319625,0.714285714
kingdom,3.8,0.666952789,1.923076923
level,1.909090909,0.682072639,1.615384615
trial,2.545454545,0.658733904,0.214285714
factor,1.909090909,0.64751029,0.230769231
balance,2.727272727,0.647256553,0.25
career,2.272727273,0.666835546,0.071428571
center,3.181818182,0.678830028,0.933333333
income,2.727272727,0.587441504,0.214285714
exchange,2.363636364,0.672934413,0.416666667
amber,5.5,0.57768935,0
atom,2.7,0.569122732,0.181818182
beauty,5.181818182,0.639753699,0.833333333
failure,4.181818182,0.663046062,1.071428571
plastic,4.1,0.624032259,0.307692308
contact,3.9,0.671305001,0.2
effect,1.8,0.678425968,0.2
talent,2.909090909,0.643981516,0.142857143
appeal,2.727272727,0.64441514,0.357142857
portion,2.6,0.659013987,0.416666667
delight,3.6,0.557384729,0.692307692
powder,3.727272727,0.589087188,0.307692308
honey,5,0.590188086,1.642857143
finger,4.8,0.596570134,0.181818182
rumble,4.9,0.496848077,2.818181818
echo,3.7,0.59392339,2.8
potty,4.4,0.233788058,0.7
mommy,5.181818182,0.352665365,1.4
daddy,4.8,0.568826139,1.428571429
carrot,4,0.441718787,0.083333333
chicken,4.363636364,0.592075646,1.090909091
puppy,5.6,0.503453255,0.666666667
cookie,5.090909091,0.512170196,0.454545455
pillow,5.2,0.468024284,0.466666667
breakfast,5.7,0.588067353,0.916666667
people,4.636363636,0.689608276,0.6
kitty,3.909090909,0.57038641,0
toilet,3.727272727,0.557889879,0.8
movie,5.2,0.667871535,0.285714286
brother,5,0.668682694,0.4
kitten,4.909090909,0.458354473,0.1
tummy,4.2,0.212011874,2
bubble,3,0.571925879,1.461538462
story,3.090909091,0.68093729,0.454545455
bedroom,4.5,0.574420094,2.5
rabbit,4.5,0.587529182,1.090909091
jacket,3.9,0.568912923,0.5
turkey,4.454545455,0.636399567,0.066666667
dinner,5.272727273,0.613546014,0.263157895
tiger,5.4,0.627101481,0.7
color,4.2,0.655716419,0.083333333
belly,3.545454545,0.560144484,0.25
children,5.090909091,0.682199359,0.8
father,3.818181818,0.675574005,2
turtle,3.363636364,0.571557224,0
monkey,4.090909091,0.59137845,0.285714286
rainbow,5.3,0.595654666,1
dresser,2.454545455,0.38803440300000003,0.272727273
ketchup,4.3,0.427615851,0.3
summer,5.4,0.674525201,0.5
balloon,5.454545455,0.576168954,1.714285714
ladder,3.7,0.565467298,1.384615385
soda,5.1,0.552808702,0.705882353
squirrel,4.181818182,0.531067193,0.363636364
uncle,4.5,0.64432925,0.166666667
scissors,4.727272727,0.444216818,1.75
circus,4.090909091,0.606204093,0.6
monster,4.909090909,0.622115195,1.071428571
danger,3.4,0.637615681,1.076923077
feather,3.909090909,0.551535308,1.153846154
pizza,4.818181818,0.561117053,0.7
shower,4.363636364,0.555481911,0.941176471
ceiling,3.6,0.579657376,0.7
tissue,3.6,0.594664276,1.692307692
button,3.6,0.590131521,0.5
garbage,3.818181818,0.566532433,0.333333333
thunder,5,0.594191551,2.866666667
mirror,3.727272727,0.623621464,2.090909091
pretzel,5.1,0.288666904,0.181818182
zipper,5.9,0.353089243,2.923076923
closet,3.545454545,0.552339435,1.4375
raisin,4,0.324626505,0
police,5.1,0.674815059,0.058823529
walrus,4.6,0.391910464,0.181818182
muffin,4.181818182,0.305886298,1.076923077
camel,5,0.557321012,0.272727273
puzzle,3.9,0.566743076,1.666666667
jingle,4.3,0.491391867,2.769230769
sweater,4.9,0.417126685,0.4
glitter,4.181818182,0.424449861,1.076923077
wagon,3.4,0.580624282,1
garage,4.8,0.596389234,0.133333333
beetle,3,0.552016318,1
guitar,4.727272727,0.63783294,0.545454545
candle,4.2,0.521702111,0.909090909
whistle,4.181818182,0.551484406,2.153846154
lizard,4.363636364,0.553445637,1.666666667
hockey,4.6,0.605427265,0.6
cushion,4,0.438327223,2.090909091
husband,3.7,0.651492476,0
parrot,4.9,0.526845872,1.090909091
cherry,5.1,0.600321054,0.8
rocket,3.777777778,0.615658104,0.9
tinkle,4.181818182,0.20031108,3
bracelet,3.454545455,0.412696213,0.4
helmet,4,0.573524415,0.9
anchor,5.2,0.605118811,2.166666667
tuna,5.4,0.520821333,0.153846154
nickel,3.6,0.559899092,0.727272727
hippo,5.1,0.381970942,0
stapler,3.5,0.166530192,1.090909091
eagle,3.9,0.629950821,0.6
fever,4.9,0.585233986,0.071428571
tortoise,4.5,0.473821372,0.363636364
rhino,4.818181818,0.511253834,0.5
soccer,3.818181818,0.607211292,0.272727273
knuckle,4.4,0.340969115,1.230769231
nightmare,5,0.562365055,1.25
sparkle,4.272727273,0.354783237,2
donkey,3.8,0.541040421,0.842105263
autumn,6,0.62336725,0.5
pickle,4.181818182,0.385558635,1.545454545
onion,4.363636364,0.511677802,0.181818182
dolphin,2.909090909,0.552063823,0.181818182
dryer,4.090909091,0.378801286,1.555555556
walnut,6.5,0.55791008499999994,0.6
applause,4.818181818,0.474568218,0.666666667
pigeon,3.8,0.552011609,0.181818182
jewel,4.090909091,0.564636528,1.25
order,2,0.693515182,1.142857143
faucet,3.090909091,0.249821767,0.181818182
flavor,4.090909091,0.561366498,0.428571429
trailer,3.9,0.580387652,0.583333333
alarm,5.111111111,0.576677144,1.090909091
rooster,4.363636364,0.476748884,0.833333333
ostrich,4.727272727,0.37957558,0.4
saddle,4.363636364,0.556564212,1.272727273
lava,4.5,0.563265681,0.272727273
parade,4.2,0.612792552,0.5
cuckoo,3.6,0.427684426,2.9
tantrum,4.5,0.272831768,1.583333333
panther,4.5,0.560880065,1
robin,4.181818182,0.638514638,0.818181818
cactus,4,0.506583273,1.6
apron,2.909090909,0.441719264,0.1
motion,4.3,0.657411277,0.866666667
raccoon,4.1,0.423685253,0.727272727
medal,3.545454545,0.600944936,0.9
garlic,6.555555556,0.517132401,0.230769231
pattern,3.4,0.652217388,0.333333333
soldier,4.727272727,0.638762951,0.6
favor,3.3,0.652745664,0.153846154
buggy,2.8,0.440863729,0.727272727
battle,4.363636364,0.663413167,1.5
pliers,4.2,0.297697961,1.9
turnip,3,0.330030918,0.6
burglar,4.4,0.392534316,1.363636364
tuba,4.9,0.460952818,1.3
marble,3,0.586054146,1.4
razor,4.727272727,0.512759924,1.916666667
athlete,4.2,0.579608917,0.2
tulip,4.7,0.388073236,0.4
rhythm,4.181818182,0.608047366,1.384615385
future,3.5,0.69244647,1.071428571
damage,3.909090909,0.654421449,1.615384615
gopher,3.6,0.375316203,1.7
leather,5.4,0.592258334,1.266666667
hornet,4.9,0.523942292,0.909090909
pistol,3.7,0.572640657,0.363636364
lumber,3.727272727,0.567996502,0.727272727
island,4.545454545,0.671389639,1.636363636
falcon,3.545454545,0.577581465,1.181818182
cobra,4.3,0.56370002,0.454545455
arrest,3.363636364,0.626977801,0.5
target,4.1,0.664184272,0.833333333
velvet,3.909090909,0.561090112,1.454545455
subway,5.3,0.57112062,1.3
cricket,4.3,0.611827433,2.6
sardine,4.6,0.277740806,0.9
jaguar,4.7,0.55291903,1.916666667
relief,3,0.648015857,1.384615385
pardon,4,0.552840233,0.5
stroller,3.4,0.233407855,0.785714286
cannon,3.272727273,0.617581189,0.666666667
baton,3,0.560908675,1.272727273
fluid,5.1,0.60946995,1.083333333
polish,3.4,0.645000637,0.333333333
cougar,4.5,0.448303044,1.2
canvas,3.090909091,0.564301014,0.6
sizzle,4.090909091,0.197688103,3.818181818
yodel,4.5,0.213737875,2.9
hatchet,2.909090909,0.361911237,1.8
racket,3.6,0.385889381,1.1
whimper,4.454545455,0.166268215,2.571428571
fiddle,4.3,0.559717357,1
gallop,4.9,0.351214796,2.166666667
cancer,4.2,0.631518662,0
liquor,5.1,0.564170122,1.090909091
saucer,2.363636364,0.426322877,1
muzzle,3.727272727,0.549296319,2.3
dagger,3.727272727,0.55477345,1.3
banjo,4.363636364,0.564067543,1.363636364
ripple,3.727272727,0.389289021,2.142857143
trolley,3.4,0.563548684,0.090909091
frolic,3.363636364,0.250072032,1.7
liver,2.9,0.569588959,0.307692308
raven,4.272727273,0.579099953,0
torment,4.2,0.449978858,2
bonfire,5.2,0.409796745,1.3
defense,2.909090909,0.664430916,1
vulture,4.636363636,0.448567092,0.727272727
tingle,4.818181818,0.269283652,2.333333333
baboon,3.363636364,0.314785242,1.181818182
burden,2.8,0.583638191,1.181818182
limbo,4.2,0.446561843,0.230769231
counsel,1.909090909,0.591149032,0.166666667
flannel,5.2,0.319413453,0.9
stampede,4.3,0.457395226,1.3
stagger,3.636363636,0.261469722,2.2
acid,4.6,0.605431855,0.75
wisdom,3.1,0.599310517,1.272727273
pheasant,3.090909091,0.388134271,0.636363636
deluxe,2.5,0.561752617,0.461538462
ladle,3.4,0.237752303,0.153846154
buzzard,3.818181818,0.360286027,0.5
cedar,4.545454545,0.581167161,0.1
nylon,2.636363636,0.514671624,0.545454545
glimmer,4.2,0.24542965,2.1
parka,5.4,0.287599504,0.8
satin,3.727272727,0.408572078,0.3
verdict,1.909090909,0.561805308,0.307692308
harpoon,2.818181818,0.403696477,1.1
murmur,3.272727273,0.299941868,3.833333333
tyrant,3.5,0.490588933,0.4
premier,2.7,0.630473971,1.142857143
treason,1.818181818,0.562858343,0.538461538
warrant,2.7,0.575523496,0.5
domain,1.363636364,0.630729318,1.076923077
yahoo,4.454545455,0.569133878,2.769230769
cascade,3.636363636,0.557613492,0.7
carnage,4.4,0.454836041,2.090909091
